Sr No,Name,Homepage,Twitter,Description chatGPT,Pricing,Category,Subcategory
1,Amazon Web Services (AWS),aws.amazon.com,https://twitter.com/awscloud?ref_src=twsrc%5Egoogle%7Ctwcamp%5Eserp%7Ctwgr%5Eauthor,"AWS is one of the most popular and widely used cloud platforms in the world, with a vast global network of data centers and services that can be used by individuals, businesses, and governments. Customers can use AWS to create and run applications and services that can scale up or down based on demand, without the need for significant upfront investment in hardware or infrastructure.


Overall, AWS provides a robust and flexible cloud platform that enables customers to build and deploy a wide range of applications and services in the cloud.",Paid,Cloud Platform,PaaS & SaaS
2,Azure ,azure.microsoft.com,https://twitter.com/Azure?ref_src=twsrc%5Egoogle%7Ctwcamp%5Eserp%7Ctwgr%5Eauthor,"Azure provides a robust and flexible cloud platform that enables customers to build and deploy a wide range of applications and services in the cloud, with a particular focus on integration with Microsoft's existing product ecosystem.",Paid,Cloud Platform,PaaS & SaaS
3,Google Cloud Platform,cloud.google.com,https://twitter.com/googlecloud?ref_src=twsrc%5Egoogle%7Ctwcamp%5Eserp%7Ctwgr%5Eauthor,"GCP stands for Google Cloud Platform, which is a cloud computing platform provided by Google. It offers a wide range of cloud-based services, including computing, storage, databases, analytics, machine learning, networking, mobile, development tools, security, and enterprise applications.

GCP enables customers to create, deploy, and manage applications and services on a global network of data centers hosted by Google. It supports a wide range of programming languages, frameworks, and tools, and provides both Platform as a Service (PaaS) and Infrastructure as a Service (IaaS) offerings to meet the needs of different types of applications and workloads.",Paid,Cloud Platform,PaaS & SaaS
4,Oracle Cloud ,https://www.oracle.com/in/cloud/,https://twitter.com/OracleCloud?ref_src=twsrc%5Egoogle%7Ctwcamp%5Eserp%7Ctwgr%5Eauthor,"Oracle Cloud is a cloud computing platform provided by Oracle Corporation. It offers a wide range of cloud-based services, including computing, storage, databases, analytics, machine learning, networking, mobile, development tools, security, and enterprise applications.

Oracle Cloud enables customers to create, deploy, and manage applications and services on a global network of data centers hosted by Oracle. It supports a wide range of programming languages, frameworks, and tools, and provides both Platform as a Service (PaaS) and Infrastructure as a Service (IaaS) offerings to meet the needs of different types of applications and workloads.",Paid,Cloud Platform,PaaS & SaaS
5,IBM Cloud ,https://www.ibm.com/cloud,https://twitter.com/OracleCloud?ref_src=twsrc%5Egoogle%7Ctwcamp%5Eserp%7Ctwgr%5Eauthorr,"IBM Cloud is a cloud computing platform provided by IBM. It offers a wide range of cloud-based services, including computing, storage, databases, analytics, machine learning, networking, mobile, development tools, security, and enterprise applications.

IBM Cloud enables customers to create, deploy, and manage applications and services on a global network of data centers hosted by IBM. It supports a wide range of programming languages, frameworks, and tools, and provides both Platform as a Service (PaaS) and Infrastructure as a Service (IaaS) offerings to meet the needs of different types of applications and workloads.",Paid,Cloud Platform,PaaS & SaaS
6,Alibaba Cloud,https://in.alibabacloud.com,https://twitter.com/alibaba_cloud?ref_src=twsrc%5Egoogle%7Ctwcamp%5Eserp%7Ctwgr%5Eauthor,"Alibaba Cloud, also known as Aliyun, is a cloud computing platform provided by Alibaba Group, one of the largest e-commerce companies in the world. It offers a wide range of cloud-based services, including computing, storage, databases, analytics, machine learning, networking, mobile, development tools, security, and enterprise applications.

Alibaba Cloud enables customers to create, deploy, and manage applications and services on a global network of data centers hosted by Alibaba Group. It supports a wide range of programming languages, frameworks, and tools, and provides both Platform as a Service (PaaS) and Infrastructure as a Service (IaaS) offerings to meet the needs of different types of applications and workloads.",Paid,Cloud Platform,PaaS & SaaS
7,Digital Ocean,https://www.digitalocean.com/,https://twitter.com/digitalocean?ref_src=twsrc%5Egoogle%7Ctwcamp%5Eserp%7Ctwgr%5Eauthor,"DigitalOcean is a cloud computing platform that provides virtual private servers (VPS), cloud-based storage, and networking services for developers and small businesses. It offers a simple and intuitive user interface, and is known for its ease of use and affordability.

DigitalOcean enables customers to create and manage cloud-based infrastructure for their applications, websites, and other projects. It supports a wide range of programming languages, frameworks, and tools, and provides a range of pre-configured virtual machine images (called ""Droplets"") that can be quickly deployed to the cloud.

",Paid,Cloud Platform,PaaS & SaaS
8,Linode,https://www.linode.com/,https://twitter.com/linode?ref_src=twsrc%5Egoogle%7Ctwcamp%5Eserp%7Ctwgr%5Eauthor,,Paid,Cloud Platform,PaaS & SaaS
9,Tencent Cloud ,https://www.tencentcloud.com/,https://twitter.com/tencentcloud?ref_src=twsrc%5Egoogle%7Ctwcamp%5Eserp%7Ctwgr%5Eauthor,"Tencent Cloud is a cloud computing platform provided by Tencent, one of the largest technology companies in China. It offers a wide range of cloud-based services, including computing, storage, databases, analytics, machine learning, networking, mobile, development tools, security, and enterprise applications.

Tencent Cloud enables customers to create, deploy, and manage applications and services on a global network of data centers hosted by Tencent. It supports a wide range of programming languages, frameworks, and tools, and provides both Platform as a Service (PaaS) and Infrastructure as a Service (IaaS) offerings to meet the needs of different types of applications and workloads.",Paid,Cloud Platform,PaaS & SaaS
10,OVH Cloud ,https://www.ovhcloud.com/,https://twitter.com/OVHcloud?ref_src=twsrc%5Egoogle%7Ctwcamp%5Eserp%7Ctwgr%5Eauthor,"OVH Cloud is a cloud computing platform that provides a range of cloud-based services, including virtual private servers (VPS), dedicated servers, public and private cloud hosting, and managed services. It offers a range of tools and solutions for businesses of all sizes and provides a global network of data centers.

OVH Cloud enables customers to create and manage cloud-based infrastructure for their applications, websites, and other projects. It supports a wide range of programming languages, frameworks, and tools, and provides a range of pre-configured virtual machine images that can be quickly deployed to the cloud.

",Paid,Cloud Platform,PaaS & SaaS
11,Heroku,https://www.heroku.com/,https://mobile.twitter.com/heroku/with_replies,"Heroku is a cloud platform as a service (PaaS) that enables developers to build, deploy, and manage web applications and services. It provides a simple and intuitive user interface and supports a wide range of programming languages, frameworks, and tools.

Heroku is known for its ease of use and developer productivity. It simplifies the deployment process, and allows developers to focus on building and scaling their applications without worrying about the underlying infrastructure. Heroku provides a range of services, including databases, messaging, logging, and monitoring, that are integrated into the platform and can be easily added to applications.",Paid,Cloud Platform,PaaS & SaaS
,,,,,Paid,Cloud Platform,PaaS & SaaS